{"cameraMode":{"drawMode":0,"name":"Shaded","section":"Shading Mode"},"sceneLighting":true,"audioPlay":false,"sceneViewState":{"m_AlwaysRefresh":false,"showFog":true,"showSkybox":true,"showFlares":true,"showImageEffects":true,"showParticleSystems":true,"showVisualEffectGraphs":true,"m_FxEnabled":false},"in2DMode":false,"pivot":{"x":1.2658087015151978,"y":24.074214935302736,"z":-3.5300633907318117},"rotation":{"x":0.21020816266536714,"y":-0.014668285846710205,"z":0.003158078296110034,"w":0.9775588512420654},"size":1.2247447967529297,"orthographic":false}